mql_id,seller_id,won_date,business_segment,lead_type,lead_behaviour_profile,business_type
5420aad7fec3549a85876ba1c529bd84,2c43fb513632d29b3b58df74816f1b06,2/26/2018 19:58,pet,online_medium,cat,reseller
327174d3648a2d047e8940d7d15204ca,612170e34b97004b3ba37eae81836b4c,6/5/2018 17:27,home_appliances,online_big,cat,reseller
ffe640179b554e295c167a2f6be528e0,ed8cb7b190ceb6067227478e48cf8dde,7/3/2018 20:17,home_appliances,industry,wolf,manufacturer
b94fba7670eeb44dce2a0d8eb790e9f5,1c742ac33582852aaf3bcfbf5893abcf,2/7/2018 18:04,health_beauty,online_medium,,manufacturer
b02c89251106e1fdd9d92744be9f94f2,44ed138eca6214d572ce1d813fb0049b,4/17/2018 17:01,health_beauty,offline,cat,manufacturer
0173e8d8b1d94a355b440fb67388f532,87d73636a3acf123e842bb890a4db036,4/24/2018 3:00,household_utilities,online_medium,eagle,manufacturer
408a9c4a79800232ac656249af3162eb,b566ab0ef88016e00422755e305103c6,2/23/2018 13:54,construction_tools_house_garden,online_big,cat,reseller
c556184b3fe2087834850b68fa435cee,2d2322d842118867781fc737e96d59a1,5/22/2018 13:24,household_utilities,online_medium,cat,reseller
ab11f58a6bf7036a656364b0ba68fb74,9e7c5f4d7770eab65738cca38f9efccf,4/10/2018 3:00,sports_leisure,online_medium,cat,reseller
450b97a48568c3118ff397f73abe4e4a,df91910b6a03bb2e3358fa6a35e32f6f,4/10/2018 19:21,food_drink,online_medium,cat,manufacturer
ed3d878bf23177e7075ce07578841047,249f0e9905a6e06ad6c6bea7547ab9f6,5/11/2018 19:03,home_decor,online_medium,cat,manufacturer
119ce5d79e3c006a9e46967bff271cb2,b494891378bd8f4560abe576c52deacd,6/19/2018 14:08,health_beauty,online_top,cat,reseller
0b97be8b4b408a3a0780a32e0a143a7f,7d13fca15225358621be4086e1eb0964,2/8/2018 17:20,watches,online_big,,reseller
4151b0029636a1c55afcce9283ac7902,e819bcfade7b5d88a27325eb6cfd62c5,2/12/2018 13:18,home_decor,industry,,manufacturer
fc4166d1b1e192f650ee2d807b54c943,70c27847eca8195c983ed7e798c56743,2/8/2018 20:57,pet,online_small,,reseller
85e43237b3fb87d881c757f44f1b0357,556a6409838156ea299c9d1f9e2dde43,4/6/2018 20:52,household_utilities,industry,shark,reseller
9ce2e101957dc53e3e89cc8e1599aa60,a4fc6eadaff1576af888509a53420f6a,4/13/2018 12:27,computers,online_beginner,cat,reseller
4bb1ec1ff58ad39558e8468054bfc469,4fae87d32467e18eb46e4a76a0a0b9ce,7/19/2018 18:06,small_appliances,online_medium,cat,reseller
e428d5580f729d23e6070e43c492e424,8b181ee5518df84f18f4e1a43fe07923,4/25/2018 3:00,health_beauty,online_medium,shark,reseller
e3c91316d8f28b18d96869aebbb7c3ec,d594982fd877af63ace38ea1fca27c76,6/5/2018 17:20,audio_video_electronics,industry,wolf,reseller
b055fc7de322786cd9ddc996cb6e72ff,398cb257329ef7af7f1943a8974a3cbc,3/6/2018 12:25,food_drink,online_medium,cat,manufacturer
d955b97b28c2966211c9de2fe22fefbd,26e2c91ef821e1ff8985f408788fe35b,2/6/2018 15:46,bed_bath_table,online_beginner,,manufacturer
1d7cc0f1d0b54eac3609c5222246595b,dedcab67899479e4ea5dcc4eba47f587,5/15/2018 18:05,car_accessories,online_medium,,reseller
78f9eb91b8c7b3b3967fab18283ec614,ca4b77513ac2040591b0d8fae6958380,6/11/2018 12:40,health_beauty,online_medium,cat,reseller
f72a53e19c3310188cedd074226312c9,6e4a902d1054e4e17aa6eab87fac1c75,6/18/2018 13:58,audio_video_electronics,offline,wolf,reseller
d25814a309be54d1d2279a4ff921ea28,2d42ebcda99fd55f6f4bc2f1ca035d50,4/11/2018 3:00,home_decor,online_big,cat,reseller
e3ed7cb7b47e4079cb9fef895846b3e2,04843805947f0fc584fc1969b6e50fe7,4/18/2018 16:50,home_decor,online_big,cat,manufacturer
7c9ac4388867d4cc3f1cf9c05ad7e944,751e274377499a8503fd6243ad9c56f6,7/30/2018 14:34,audio_video_electronics,online_big,cat,reseller
014c073ef65e4a7ef73acd61cf606164,2646baaf662d4d92ac48f047e35db92d,3/23/2018 19:06,construction_tools_house_garden,online_medium,eagle,reseller
3a91a097116d6c8b32d41e0c81dd1e9c,e433f5fd4050e3352b5d83522b7fe24b,4/26/2018 3:00,construction_tools_house_garden,online_medium,cat,manufacturer
1c69de363482d0cbc9b6da97cb49757a,dc64d75cc406bb0697be983831430e60,4/30/2018 21:13,audio_video_electronics,online_small,cat,reseller
415ae4e297c08fd8790a5b1e1ba8482e,08d1c9478fb0d7d7fcac9c0da4e82fc7,4/27/2018 13:35,home_decor,online_medium,wolf,manufacturer
f5da97d441cd42b0b26c10145b71a923,ee2fbacc2fc3794e656cc4d933d59ce7,5/18/2018 18:08,small_appliances,online_big,cat,reseller
682e8ae60182137d74d90ada9e0947d8,7fc87cc3e89b3d1d5cabdca32f8485aa,2/27/2018 19:19,home_office_furniture,offline,cat,manufacturer
009ff90f082aaa9fcd6e14caf65c7cc6,134285d1f41da5c13a756ee8142c8a4e,4/3/2018 3:00,car_accessories,online_big,cat,reseller
29b97ecc5839e61efb7bdc25e979d8c6,e9e446d01bd10a97a8ffcfc4a3a20cb2,4/27/2018 16:11,health_beauty,online_medium,cat,reseller
8d6be534a8bdd08e11efe57c6ce3dd21,6061155addc1e54b4cfb51c1c2a32ad8,4/27/2018 20:44,pet,online_small,cat,reseller
4979feabd6097fb6100fd36c3c32aae0,bba8d0c234a52b87b3957037a215d1a4,2/22/2018 21:07,home_decor,online_small,cat,manufacturer
5985e72b3752e4749926885db1b45be4,044668ccd5316b12a7cf0d54a156e3e9,1/31/2018 21:00,food_drink,offline,,reseller
e5f15cc640c8a7408103dd190ced966c,30a81d8cf85fb2ada1b1b094c9583a95,1/19/2018 16:51,pet,online_top,,reseller
afac78e614dac1a1470030ea55c08eef,0ddefe3c7a032b91f4e25b9c3a08fca1,2/9/2018 15:35,household_utilities,online_small,cat,reseller
496515dec2a1c280f145f6ccb34851fb,6f835fd4be26989b1b064399da346143,4/27/2018 16:09,audio_video_electronics,online_medium,wolf,reseller
17c77fd570aa86b74387fae66d9d4edd,3e35a8bb43569389d3cebef0ce820f69,1/18/2018 11:09,food_drink,industry,,reseller
cc4ec90b270b9f1de8dc2d8864425252,a7d0f8dd44f57ef6de7f7f02e3d82630,4/27/2018 21:38,health_beauty,online_medium,cat,reseller
f0b314f185b80cf35d986e298db53fe3,a663d9c3797e90eac99ff60939416a56,4/27/2018 21:08,computers,online_beginner,cat,reseller
a82596c6fd3ed643b18a2a942eb6ddc9,a213f1bd6458f4a158f3746cb2514559,4/26/2018 16:05,computers,online_beginner,,reseller
36f6d5bde803873f6bffe9949f258935,a56e351445e5863fc8960640ba9190c7,2/26/2018 20:02,home_decor,online_small,cat,reseller
2708ccf204c47df56b5469327e900581,fcdd820084f17e9982427971e4e9d47f,2/15/2018 17:38,household_utilities,online_big,,manufacturer
44ebc4e28c99d8aeaead73b4b70cc5e9,131fcb0a0c9a47bba4474aacff0f14b7,4/20/2018 3:00,home_appliances,online_medium,cat,reseller
62e44187d92348c552952aa4bf152e90,3d5d0dc7073a299e31fa718ce1bc00b6,5/7/2018 16:42,health_beauty,online_medium,cat,reseller
0f2ad81c100f7a6c7475bd26ceb76cbf,3492e68f37fd1df87f4f2f2ea247f445,2/12/2018 18:46,car_accessories,online_medium,cat,reseller
cfccca319397a5ea2bb11bd90b0d925d,ba143b05f0110f0dc71ad71b4466ce92,4/17/2018 19:12,books,online_big,cat,reseller
1ab8d42d9e4a6b86010ac0a10c58fa86,11fb6f6d341adbe19e81733701704635,6/15/2018 21:32,home_decor,online_medium,wolf,reseller
080261e4427a081fc6e637b654f590ee,ade45994b717ccee333492330fbf037b,3/14/2018 12:18,audio_video_electronics,online_big,cat,reseller
42e452a93e736373dd9281c113eff2b7,da6a60cc8cc724fe51be021ff8be779c,5/14/2018 16:06,books,online_big,cat,reseller
bde34e7721e5a33091503ba45b3f8ea5,a69aa24cec11168e7e39a3fbc727e925,4/30/2018 3:00,health_beauty,online_big,cat,reseller
ac68bc93ecc07d7daec8ce924ca09b0c,6025c79c035c3d772133b8b8238463b2,5/10/2018 19:07,car_accessories,online_medium,wolf,reseller
cd46a0224c83d17b825ebc226df3479c,e1643dff33666ca629e3644c02738179,3/13/2018 14:56,household_utilities,offline,eagle,reseller
3cc3bc10218cf509ba24613cda41d940,cc63f0dd2acba93ffed4fe9f8e0321fa,4/24/2018 3:00,home_office_furniture,online_beginner,eagle,reseller
b223756da60ed5012d1d302bc9f50f6e,bb2afe2061d53c6968aa0cffa233a8ec,4/6/2018 17:56,sports_leisure,online_medium,cat,reseller
b30be338efa14f74a40949dbafd02b57,c8cc60ffd415254af5d9b9f34f32c369,4/30/2018 20:23,pet,online_medium,cat,reseller
8551ef0d517bfc756cb31e0477ac4adc,c1849d4d32d7a6cecd5aa471809d3135,5/18/2018 12:47,party,offline,cat,manufacturer
d6e0ddfc5b05597877a7d5036789a3a1,4125d9385a25e82d2f72d3a0fd55bc3f,4/5/2018 15:06,home_decor,online_medium,cat,reseller
66744053f818d4032f5ba881340db020,5f5a58930c3c35f3b5af264f34fb8c85,2/26/2018 17:07,air_conditioning,online_medium,wolf,reseller
fa027edbceb48e6657770c2985172201,8fbd63429be6d3e5e6d1a709b6464802,1/23/2018 17:58,car_accessories,industry,,reseller
a562fd35af2738ce6d88f785ef4eb134,b16d3dadc47d4eb18be3d88bad0775ce,3/28/2018 16:11,sports_leisure,online_medium,cat,manufacturer
ab1417ecaf41d8fb741fade9be0b8ab1,dd5450b022b2d00a2145a66331e1aef6,2/19/2018 17:26,household_utilities,online_medium,wolf,reseller
9b6edcffd428da99ae60cc01049a8403,845e8036c3f7bf62099352f5ed910240,5/3/2018 3:00,bed_bath_table,online_big,cat,reseller
7f12bc8cffb170e083ea5c5296272b97,f049a72cf58fd31b11f8919cade515e7,5/24/2018 22:16,audio_video_electronics,online_beginner,cat,reseller
d9734d3817f40bb704b7cc4984ec39b0,117cfc326c6d50da67ca858ff5c0c852,3/29/2018 20:20,household_utilities,online_medium,wolf,reseller
bc18cd01dacdd62719e6b4d59248c5e1,f1fdf2d13186575751aa25876536d85c,3/22/2018 13:06,sports_leisure,online_big,eagle,reseller
d1d35acfd20d413bbda1eae8e208f0b5,b64d51f0435e884e8de603b1655155ae,2/15/2018 16:06,household_utilities,online_medium,,reseller
48a8b46e7ea342b913b50c7087f78162,56e361f411e38dcef17cdc2a3d99628b,5/10/2018 19:16,audio_video_electronics,industry,cat,manufacturer
30c5ba4650eee4a5550cdfa16fb4f195,cac876b37d3abcd6bd76caca30277996,1/29/2018 17:13,home_decor,online_big,,reseller
60a7799873854c9ccd549ec39c8efddf,a414555ce331b8c8aea4a9cb8395194d,1/29/2018 20:08,home_appliances,online_medium,,reseller
428a96d781ccb96d757bbf82f8242d95,c54679b132454625907c773d273d4126,1/8/2018 19:14,health_beauty,online_medium,,manufacturer
21c55cb2ff8f7ce34b89f7cc8cf71d9f,4a82168aaef173cbb6e46ae88728f919,5/2/2018 17:57,health_beauty,online_big,wolf,reseller
d90b1c32b55f731e8a2072bfad782fdd,d8d9567d0bfb0bc7eb845a205ba42657,2/9/2018 13:41,books,online_medium,wolf,reseller
6dfdc6a7e91f5d20a16c956c33974ca5,3ab971ce71839580d2ae5b4e40fe8044,4/27/2018 13:55,home_decor,online_big,cat,reseller
ffdd99e05df27c02a2fb1669d49e0c76,02f623a8eb246f3c5f7c2f96462654e6,4/18/2018 20:16,sports_leisure,online_medium,eagle,reseller
c028b7dd285d13e19ff7a4cabf8bf700,6aa3928696eab49a19a466e665a649fd,2/7/2018 13:40,health_beauty,online_medium,,reseller
90513943523077ad07582e989457ccec,539ed9e19811677513447759be5eccfc,5/15/2018 18:16,home_decor,industry,cat,reseller
080cc5a4ec71a747e260e274bdb13b64,d7827b2af99326a03b0ed9c7a24db0d3,3/29/2018 16:29,construction_tools_house_garden,online_big,cat,reseller
a4fa73f413400524fef474c93faa5e02,bd4431c1a8dfa744b59e1e2a8bc99b9e,1/26/2018 18:13,health_beauty,offline,,reseller
bd503b6e91ef50d1c4c169476158e8eb,4a1917ef994878940e1fb03eeb787ad7,4/9/2018 17:28,phone_mobile,industry,eagle,reseller
f6127362ba4727c54d742b7ab1ae7c1c,c0aff2da32c17759d30b22fb0af6649d,4/20/2018 13:24,music_instruments,online_medium,wolf,reseller
2448225d3dfa0dc52632c746aa76b66e,cb6c9f5888a7a090c75beaf615925792,4/20/2018 19:04,construction_tools_house_garden,online_medium,eagle,reseller
c36d210f50e7ef3103da68ab61efd093,59cea8e446d3834393058e7e0666b6fb,5/8/2018 12:18,small_appliances,online_big,eagle,reseller
384b5bdbe32117213b87f8f5e0604be4,2cb98e27ce1c18abdb42209b34c382a7,2/28/2018 3:00,car_accessories,online_beginner,cat,reseller
6c465ed53d17739467c95fe414d8e056,3289d8c3eef4873f91ce0b1343c0dd58,4/26/2018 20:04,sports_leisure,online_small,cat,manufacturer
f74b25a7dc1504cf5a3b964a990266ff,55c26bcb609f480eb7868594245febb5,3/1/2018 14:58,baby,online_big,cat,reseller
57e65b6fc1f2e47c402deeee25bba1aa,5c3460cd3e8a984382ae254e7dd20d9f,1/10/2018 18:15,baby,online_small,,reseller
e430deb739cc669ad740c421931bc8f8,0e72c1a751b496722a6cb1f10653b62a,3/12/2018 18:24,books,industry,wolf,reseller
cd9e8a4a222eb86428130d42fc684ca5,ae7ab174effdead6c241e547e4ca13f0,4/4/2018 21:17,household_utilities,online_medium,cat,manufacturer
aadd608980d2f5f7ee3942cc912eef00,1d953075c2f0dd990bacf27b83b330f1,6/20/2018 12:24,computers,online_medium,"cat, wolf",reseller
d88a45e680327e0b22a34020d8f78252,9261d76c62caaf0b24677c2ceb7f8f20,5/22/2018 21:25,household_utilities,industry,cat,reseller
e2e57ded5b59a2058dd5855564c6b5ea,160851d3ece7aa1a510f8d1a4bb8a8af,7/18/2018 20:24,construction_tools_house_garden,industry,cat,manufacturer
098d6dd896e6740f88282b48495d47ef,c004e5ea15737026cecaee0447e00b75,3/26/2018 19:31,construction_tools_house_garden,offline,shark,reseller
d0b16c2b9e945575082a7e81f6f933b0,7ff588a03c2aeae4fbd23f9ae64b760d,5/21/2018 20:28,car_accessories,online_big,cat,reseller
512182619d12ae0863827b7e5ab97f19,880ce4951cf857ab1d9e0b75c1d856f4,1/31/2018 2:00,car_accessories,industry,,reseller
0951c34dc17cf35be31bb59fa96435df,9e6967d3cf386d284251784b18ccb485,4/13/2018 13:41,construction_tools_house_garden,online_big,cat,reseller
8292c2c5afbab7549123a2640e22044a,e9c2dc0dd4ac38448289be644ac94f42,6/20/2018 18:32,sports_leisure,online_medium,shark,reseller
7270ec1d67725ee992193adf9e9f2637,964ff64dc05b13811c6d0f41e0aa5f6b,4/11/2018 14:36,home_decor,online_big,shark,manufacturer
4de20dd98d2ca78fd643bdc4f0a6359b,1cbdc7cf130a41fd13a3c2a7d2fcfda7,3/16/2018 19:39,bed_bath_table,offline,eagle,reseller
3c803c1d8fef5385ca87aa1f8952338e,271b8923c6a549e02d3c9fd1f8c0422b,6/1/2018 16:45,household_utilities,offline,cat,reseller
3cab34e6c6a51d1f2ca8e76908c62368,44717f64ec2a457979cf83c429077666,4/5/2018 19:05,handcrafted,online_medium,cat,reseller
e2e3fb19cb1f4edf8c601bab9adbad86,31be790e64fc99f8ff48ec2bd18a3104,6/29/2018 20:16,household_utilities,online_beginner,eagle,reseller
0de705dc7d8026cc9b2128b775e4c35e,120476eb7a04c149d14772edaf5d9bf2,6/25/2018 18:42,construction_tools_house_garden,online_big,wolf,reseller
8f118ab2a5c0d99362fb67e29856acab,94d76e96eedd976258cd3278ce56d5f2,2/7/2018 20:39,construction_tools_house_garden,online_big,,manufacturer
299d8968ef74c5086cb3ee21f13ed27a,377bc18334c78dd2f1535ef22a3ad225,3/7/2018 22:08,car_accessories,online_big,cat,reseller
081c243a74472af67b65145cff5221c7,58f1a6197ed863543e0136bdedb3fce2,2/27/2018 17:30,fashion_accessories,online_medium,eagle,reseller
39ecc5282d4511dca4c757113e1312d1,65febd49fd28ec955651299159b1f527,3/19/2018 18:58,household_utilities,online_big,,reseller
02c1f06978b821b2996ec257932f2947,9b1585752613ec342d03bbab9997ec48,5/11/2018 14:22,car_accessories,offline,cat,reseller
072446c6aa02c85a9a91d6a75116def5,cbf09e831b0c11f6f23ffb51004db972,4/10/2018 18:20,household_utilities,online_top,cat,reseller
0d8b45d95dc4bd9712dc67f87db79a8e,4f0d637c1197fd65405ebd755ac9f86b,3/12/2018 21:20,health_beauty,online_medium,cat,reseller
fe75268bb28b40ef89979d0ec2c54497,dbdd0ec73a4817971d962698f2fea022,2/2/2018 13:08,health_beauty,online_big,,manufacturer
239ce949b3bcb25a0c47779fe37c80e0,caa9bc43a9fe8cf9c564ddd8a03cc4a6,3/28/2018 16:09,toys,online_medium,cat,reseller
b8bb2a1d59f4ecae0646fc039b75391e,fe87f472055fbcf1d7e691c00b1560dc,1/23/2018 12:41,home_decor,online_medium,,reseller
6c6094f256f51e83fe02bce6091163e7,da4d149c0ddbac90557103ac0a0ec356,1/11/2018 17:16,sports_leisure,online_medium,,reseller
10fa97233fb64af4b6ce8316d0bc2eca,693660429f9dc4ff704eb3d88dad54d7,5/25/2018 21:25,audio_video_electronics,online_medium,wolf,reseller
cdd41e8e7e609526df11a959b953cc0d,7d7866a99a8656a42c7ff6352a433410,5/30/2018 22:29,household_utilities,offline,cat,reseller
3c13b54db21952663b5775d142be0ed2,657969cca82e884d272385ec0ef06edd,2/8/2018 19:03,fashion_accessories,industry,,reseller
5bee2861956d76fe35e91c33bc4a81b3,dda37071807e404c5bb2a1590c66326f,3/26/2018 20:08,bags_backpacks,online_small,eagle,manufacturer
37d92d59a2b02e0256aa1d2bddcfa50d,671585f5a2af58b6e276bc01003c0d2b,6/19/2018 19:54,household_utilities,online_medium,,manufacturer
503831c6265361a08aa4113b4d867178,4a1f694197d05fe70026b016a7316b41,2/2/2018 11:25,home_decor,online_medium,,reseller
bc55d3363ee659d6ab6c908b932c7705,3d3ccf2b2f8134b10dce9dd446f0e075,4/25/2018 18:28,home_decor,online_medium,cat,reseller
1b34d47c57a081fbfeec93a1065e69bd,2cb6eb1b7185064167657fa09f541105,1/15/2018 17:14,home_decor,online_medium,,manufacturer
a463cac2327534f6f02563ffbdf92918,c84592044b180dec206770c38603814b,1/30/2018 18:06,audio_video_electronics,online_medium,,reseller
4b4234f02431d2179f5d18fd1db0ef8e,c3e1abd72a42fe690fcd89cf5720fe29,4/27/2018 12:40,pet,online_big,eagle,reseller
05ede5cedad6c61ef99376296b0699ef,4d0041cdbe51b4617d95c70b19decc74,4/20/2018 19:29,car_accessories,industry,eagle,reseller
e5d0a99e3684733914f594116839e0c2,2fa13c8bd5705d279f7ed5cc9ec61c68,1/18/2018 2:00,health_beauty,online_medium,,reseller
3461d99a30c72933c66cac4f1c02bd14,18e694e0e48ed6f7aa3f24aade5fd697,3/27/2018 3:00,computers,online_medium,wolf,reseller
245e57794c369c8617378e285ee9755c,fd435faa3c0422b60440ea3480d0e77c,7/26/2018 17:03,music_instruments,online_big,eagle,reseller
b9ed46d1ff01c4fb8e3f2453091804d0,7816cd9c5b1238e320545f5bf7eb80e8,5/14/2018 19:41,construction_tools_house_garden,online_big,cat,reseller
be8eca3856293b0591f6240af2b62091,c963a25b8671419c6ce9eebe8fd03218,3/13/2018 15:51,home_decor,online_medium,cat,manufacturer
42e63e1b4d6aa921fd566bdef26e5ef4,2aafae69bf4c41fbd94053d9413e87ee,4/19/2018 14:13,stationery,online_medium,cat,manufacturer
8423896e04d8cc356ddbb29d4cc9288d,d66c11a9572221d92fbb8c4897db5f9b,4/14/2018 3:00,household_utilities,industry,cat,manufacturer
180d9ac0990bb42907fe9cc7aa3eb5a1,01fd077212124329bac32490e8ef80d9,3/28/2018 22:45,household_utilities,online_medium,cat,reseller
cb92c899ab0e2c0fcf4d4e11e9930f6a,9d213f303afae4983637247556438ede,5/11/2018 12:46,bed_bath_table,online_big,cat,reseller
439c56de17208ac25a2abee9beca46f7,8c9348f33ae3dada25c99c99ade2af78,4/25/2018 21:44,construction_tools_house_garden,online_small,cat,reseller
9577014358ebabb5010e7513a7439a82,f1b854361f4e15d5851b494df66f22b2,4/11/2018 16:05,pet,online_big,cat,manufacturer
c6c02ef92aa0dcb6c333a27cfb22d47c,c8665a4dd081a2c436b1cd921079d0d9,5/10/2018 17:13,car_accessories,online_medium,wolf,reseller
22c0b2a19a05fff19e92fab5a0b7728b,138dbe45fc62f1e244378131a6801526,4/25/2018 17:19,household_utilities,online_medium,eagle,reseller
bea6f48261d29b0dba555367e277f670,eb72802c83dc7547529c9546d1a9b8ef,4/30/2018 17:43,health_beauty,online_medium,wolf,reseller
84ca5950143557353793f24e65e1af22,b67d6c666e8dce1d078c882825e12704,4/20/2018 14:26,sports_leisure,online_medium,eagle,reseller
68482ad368c7b9779cf50a7164815379,980640c45d7a4635885491d077167e4d,5/24/2018 20:25,bags_backpacks,online_medium,cat,reseller
29ed0987440c24898ae109b05a1d3f8e,dc7192adf8ba09569261f4a8d576afe0,5/11/2018 20:38,household_utilities,online_medium,cat,reseller
ab65e1a4d850fa15d38469a1ad02ce90,ffad1e7127fb622cb64a900751590acd,2/2/2018 20:42,home_decor,online_medium,,manufacturer
2f45fb6d3d46af0423ad2813249ac4a2,7b98de631987e26dd6d803490c43a13c,5/8/2018 17:18,construction_tools_house_garden,industry,cat,manufacturer
a06df17094fd9599cad32555b897a0d3,70bf57d811208f8923b41bbd499a67a4,6/8/2018 12:10,small_appliances,online_medium,cat,reseller
5f7526ec1bdd6eebdf4f7d0054cfe163,bc8c8d665ec4664d286be0d521722b19,4/17/2018 17:18,food_drink,online_medium,wolf,reseller
1024cf4dc7f44bc2296769309fcfb4e5,a63bfbaa882c8f4542891b4e2246cc7f,5/24/2018 16:11,health_beauty,online_big,cat,reseller
352409af828b39fe2353dfbe5e813752,33d677f27a69b84051204ee4ae76eaca,1/10/2018 19:40,food_drink,offline,,reseller
bf5b131e6aee15fa373fb4d113b4a65c,8a8835a43bda99fd37310ad76c457510,5/17/2018 12:09,car_accessories,online_big,cat,reseller
ee488918cd8d11b893067864f9dabddb,0873d9f8f36123f8d910f4760e788cfb,3/27/2018 3:00,audio_video_electronics,online_medium,cat,reseller
145bce9926e5e1adbddd13d9ee519c3e,59bbc819b99a733f02f0d6b49d1c253d,2/6/2018 2:00,car_accessories,online_medium,,reseller
aa65c38536b38e859fdecdcea7335154,61b18775be84fb700a6b2d0ba097bf66,2/27/2018 19:13,pet,industry,eagle,reseller
24227051b98de30e484412134e0d0e49,761681a821d8275bc79f552116d06869,1/16/2018 2:00,home_decor,online_big,,reseller
e29db7c8b090e8df0246f5a54cd72799,1a8e2d9c38b84a9702ac7922924b0573,1/22/2018 17:11,household_utilities,industry,,manufacturer
a58f8a3280b2dd6440d88af9decb9b1f,c32fc744b9160ac853450488e3cfea93,3/5/2018 20:54,food_supplement,online_medium,cat,reseller
3469f647707d7517364600b07bd45816,165b1235e9e9942cb5fae67103576fb0,4/30/2018 16:01,home_decor,online_big,cat,reseller
fc723a87e241c9b3c2e5fd4df4ff8e9d,9803a40e82e45418ab7fb84091af5231,3/9/2018 14:18,audio_video_electronics,online_big,cat,reseller
a7a8f7739ddc1abdd3bf7d4f9d8a911f,ec8463980a4e0ea9f8517aea1ed0c419,4/9/2018 18:58,home_decor,online_medium,shark,manufacturer
647715020a35f278c5ff9de26e2a4f9b,f9eda05b67bef472deaddbba84aca289,3/7/2018 17:11,watches,offline,eagle,reseller
a0a7ffa593070c447c15f66e0aab9785,ffa6adafb71b807dc13159e26431354c,2/20/2018 17:44,car_accessories,online_big,eagle,manufacturer
4fdeceef54c4e757fdbf8ea9132b22c9,447d377bdb757058acb569025ee18a93,1/26/2018 12:23,toys,online_medium,,reseller
0f7a3e9f4a5a415ee8d01aa7ad65ab7a,1f7dfad2cb384ea4d2d7e1ffbd78c407,4/20/2018 3:00,toys,industry,cat,manufacturer
04921466d09d50f6541fdd33b322c876,8de8fe3af4449ed695d2434c933ed73e,6/8/2018 19:09,air_conditioning,online_medium,shark,reseller
e84d3444422cda735543114cf5df6b95,db2956745b3a8e9f3785c99f34b5d25e,3/22/2018 19:35,audio_video_electronics,online_medium,cat,manufacturer
70e177868d7bc383ce3ea10b6f976ada,c5f7e746b7e6d07def6c0dae9903279b,3/1/2018 12:22,pet,industry,,reseller
860e39bc33e7c4ca4c26ec67979cc290,4bfc7a4a1cf8d4d2121c27422d9e50b5,3/8/2018 3:00,home_decor,online_big,cat,reseller
ba7fb7aa93b1203a1f5e19b0857870e3,bec568278124768c474ee90971ca94d1,6/5/2018 13:34,home_decor,online_beginner,cat,reseller
d2108470e2824da1f619e91a0e4784d0,762fafdaa57a532ee0119731697579dd,2/28/2018 22:17,toys,online_beginner,cat,reseller
d8da124409cad437d5d2c35b101e3b91,d263fa444c1504a75cbca5cc465f592a,3/29/2018 12:34,gifts,offline,,reseller
70217dd96da535e0b862ae12245c8906,3f9be91358837bff69df67edfa3e42e8,3/1/2018 17:44,pet,online_medium,cat,reseller
3d98ceed3d2937a5e819cd5b239220a3,4867209cb29b56b92893d7bde3ce8012,1/29/2018 11:26,health_beauty,online_small,,manufacturer
518f741fa426a51c73533c621e5c8107,d4ffeb15b67e81ff9af2b4252d99fb7e,4/4/2018 17:31,bags_backpacks,online_medium,cat,reseller
7c01802bb3674e5af58547b0395bcb2d,5e9f5bd34e0830569f05c9d4f56e04a8,3/28/2018 3:00,bags_backpacks,online_medium,eagle,manufacturer
6e4e57e5aacf1a8feffa258c2c6ff947,d8bf0fc082fd4a77fc2e5679b6c00133,4/6/2018 3:00,construction_tools_house_garden,online_medium,wolf,reseller
384008daaa0f14b58912d8648101fdd0,8a432f4e5b471f8da497d7dc517666e2,3/12/2018 17:30,bed_bath_table,online_big,cat,reseller
586e57a7ef16035bd85e2dcf44248130,03a2a6dcbe45d639c4dc2a0d24769c40,2/9/2018 18:11,construction_tools_house_garden,online_beginner,,reseller
99fc32e3c05e03597a692c4fd9a9d162,6a38087bc8ad4f89ff453561005f6dea,5/11/2018 21:26,computers,online_big,cat,reseller
e866f5b284008f65db1641dae437f9c2,d9a84e1403de8da0c3aa531d6d108ba6,1/30/2018 11:33,toys,online_medium,,reseller
e5c8f30b30415b1fc94d820ba9d4d08c,f12d3c2a14729ae461b920c11fe20fdc,2/2/2018 13:10,home_decor,online_big,,reseller
3efcf88e3453fc6d9ce464e51d3a81d4,a8739afb32aaa45e01815ca76f76f54b,2/28/2018 17:16,car_accessories,online_big,eagle,reseller
3da19335c0dfd2c484d977ca16bfebd2,5bf397d04035b5f45cc41e82ec106803,3/13/2018 17:16,household_utilities,offline,cat,reseller
4dcfeaf97d0aec9f35e384d9c3624b39,d1ef48b38baca7e831711c4a0aeb398f,2/15/2018 17:22,construction_tools_house_garden,online_medium,,reseller
a6807243689c76d0e34230e8e6ce5ca9,e5cbe890e679490127e9a390b46bbd20,4/25/2018 22:04,food_supplement,online_top,eagle,manufacturer
4e92cdeada5b8e753d95bc8c5c219f6d,723cd880edaacdb998898b67c8f9da30,3/9/2018 20:12,bed_bath_table,online_medium,,reseller
18f5d73a3c6b68160f6aa7fd089423b3,36f98ad67cc981f50ce8aed093d5783c,5/16/2018 13:32,audio_video_electronics,online_small,eagle,reseller
0d6080ffaadf8f8fd9648afb791c29c2,83c465a786b06574376909b35ef6752a,4/23/2018 19:26,handcrafted,offline,eagle,
973f72ab89f64e22470778a9bd1ea10f,6c99c983ce3b6ba0ab813e6790e81691,4/16/2018 18:25,toys,online_small,cat,reseller
bb221b9bbbf25cc108cffe12fe10fbc2,5e105f5c9f63f5f1fd75d6cb942e55b1,1/30/2018 11:42,home_decor,online_medium,,manufacturer
fff8db9478d2fd72df65a67ee6b62f67,bdae679a9b282249bc23b9b69dae9a99,1/24/2018 15:19,construction_tools_house_garden,online_medium,,reseller
085df4d5a370218b679cfab2121cd194,52a50b42accf164f9f019941e5759d9b,5/4/2018 3:00,food_drink,online_small,eagle,manufacturer
cbcb32994827a5c4ef1b8a630a4fa66e,da7039f29f90ce5b4846ffc0fcc93beb,2/27/2018 17:13,audio_video_electronics,online_medium,cat,reseller
3de2f5d6b216073b662a9e202fb4b556,f22a247b79dd22ecd91dc8e3b2a1b07c,4/18/2018 14:08,health_beauty,online_medium,cat,manufacturer
47a752e75a196b3b4edd825252ccf97f,bb7ad8a45c027be8ab075b8e465f8ca0,5/21/2018 19:55,household_utilities,industry,cat,manufacturer
450b9ff6579ee8138f673984554e8a93,1cbd32d00d01bb8087a5eb088612fd9c,5/2/2018 14:23,health_beauty,online_big,cat,reseller
115f08592f4c2bb29013efbbc46608fc,ffc470761de7d0232558ba5e786e57b7,2/14/2018 11:48,construction_tools_house_garden,online_big,,reseller
ff89e8ee1db049c810a2da86c84c6bd5,07de60b03d150fb3ea09eab5da5e4c8b,1/24/2018 17:14,bed_bath_table,industry,,manufacturer
2b9b8e32584fe9897d8aedde5bc04ed7,86ff3eaef0267069cc891a2ed9d10a17,3/29/2018 18:06,sports_leisure,online_medium,cat,reseller
bb10ba1898d78d59bb76db2493ca511c,299c89a525fee36c567f4fe72f038100,2/28/2018 3:00,audio_video_electronics,online_big,,manufacturer
04f8b803895d585e29bf21162e49cc84,3ea08c48e851106d2f584349daba335f,4/19/2018 17:11,baby,online_medium,cat,manufacturer
099c0eddd44f937ac2facf3a72263b7f,2d34636518ba88f5349b732fcf8ba2e4,2/19/2018 20:21,computers,industry,,reseller
ee7230dec6c5cf2229f0a706a265ca49,e8dba4d70f7f2b20e775d09cae01142d,5/14/2018 20:15,bags_backpacks,online_big,cat,reseller
05b99715f32c973f929cd22735389966,bbe87dce25ba8b38bb61cc7210a3f10b,3/22/2018 15:07,construction_tools_house_garden,online_big,cat,reseller
2a0433fde38b262e5db7db757057c7c0,94165aea8a35c3c21499cbcae239b16c,3/16/2018 14:14,car_accessories,online_medium,eagle,reseller
53be01f4f05aebe9d0c69268ac1999ce,3d2531eccfbde1d7c8db7a3a12fb267a,3/9/2018 12:49,music_instruments,online_medium,,reseller
35dae000552fd88cce58a6571998738c,184725737946a1a938bbbd1a9e978103,4/20/2018 20:48,fashion_accessories,online_big,cat,reseller
d73084414361442cb1fd4d659b395c38,2ba91c7ad80ff88b23b7db823b43c233,1/18/2018 11:22,pet,,,reseller
fb24fdefb6d2dd80651f6c1a87bc0d7f,bf0d50a6410d487dc97d2baac0a8c0be,4/9/2018 18:22,home_decor,online_medium,cat,manufacturer
16b2e31fefe580e6aab327e53949bc14,9da15f4a4ea758d9eeb49000dbe57e22,3/9/2018 3:00,home_decor,online_medium,wolf,reseller
04ecc73f538bcc74df709fe9281e08b8,0a85ebe4e328db81ac9109781205e2f7,3/15/2018 17:13,home_decor,online_medium,eagle,manufacturer
7fd23d812013ce3b530b821d855bccbf,7f5e4d5efad7e44b91115dd1decb65f3,4/9/2018 21:04,audio_video_electronics,online_medium,,reseller
e4ccb212806eb5e35794b3ebbdf1f6b6,1b4b28463457a256e9a784ebe2a8f630,4/23/2018 20:40,car_accessories,online_medium,cat,reseller
c7f1da0a5723f5afd7996648fa9c20d5,42fa4ee7240e9b8eb4576358ec142ba7,1/29/2018 12:15,household_utilities,online_medium,,reseller
7c3e1a45e4127c0eb25d7a8b7250da5b,89a51f50b8095ea78d5768f34c13a76f,4/10/2018 19:17,health_beauty,online_small,,reseller
8e12ae4ee6dc484ecf2277a19b845658,f9ec7093df3a7b346b7bcf7864069ca3,5/11/2018 17:09,small_appliances,online_medium,cat,reseller
e75d0b169ffeb90d4b805790ce68a239,7238a95bb63ef7e498389fb863b834a1,3/26/2018 12:07,construction_tools_house_garden,online_big,cat,manufacturer
08fdf1038af7dd3070bdcd18922e23b2,850913d59ce317156b00f3705f1c3edb,2/8/2018 17:29,phone_mobile,online_medium,,reseller
b2fb7865dfca2461177cbad7ec520b0e,e1c76f339ebd5460999f25a2aa8c92c5,2/8/2018 17:10,small_appliances,online_medium,,
5ebfa70416c6e41452ddde4ce2b536ac,72c38a04bd6a1c3dbc5298425a0db86d,3/6/2018 11:29,audio_video_electronics,online_beginner,cat,reseller
c2dd0b60035ad00b08f81244a20b4860,57df9869a600bd6b7c405f2a862eccfb,1/16/2018 12:36,household_utilities,online_medium,,manufacturer
b47ea67781941189af94d2e217161684,4e480be820e37de1444325ff358c9296,5/30/2018 17:49,car_accessories,online_big,cat,reseller
f5386ed31571beed0361427ff58a9778,ce4755084bc097113867e6454f8f5e52,5/8/2018 17:48,health_beauty,industry,cat,manufacturer
d1d99ef14bb813e29718b9b4df53de52,ca7c6bd577e559472af1c699de9e764e,3/15/2018 21:09,health_beauty,online_medium,cat,reseller
fa49eb69043e202e2370b17f86bb10a8,13511db12ac61e2f89c53b72a944a60b,2/22/2018 18:03,car_accessories,online_big,wolf,manufacturer
31aa9651503a33c7f28f2a6e4d46b6e0,d3dcf0604eabf0224fbd5948b5e02f69,2/2/2018 11:22,music_instruments,online_medium,,reseller
c9b03be66eee564123ecf4b66c25986a,7ade73f1b9b4e965f9009a4c3a7e2c15,3/22/2018 13:14,household_utilities,online_medium,eagle,manufacturer
2b6a1d360326583e2b95118913845eb5,87d3c3aeb3ead335511b3ce315eb341e,5/14/2018 13:25,toys,offline,cat,reseller
dd61b41d5b91a9a09e504f025a87553b,ae45df84722b1d15c5f32b23a095746c,1/30/2018 17:39,health_beauty,online_small,,reseller
8b0a6e823972477463ff90b9e804a70c,cad9969167c09b48ae6f1d123f7fa68d,2/7/2018 15:45,home_decor,online_small,,reseller
c242ee43f6d34d89ee71b02fbc5e88a7,85044848b1b767db2a4a58526adef4b4,2/5/2018 20:03,phone_mobile,offline,,reseller
7290c4082936311a3295b7c9ca7bda8f,9c1c0c36cd23c20897e473901a8fb149,3/19/2018 20:26,food_drink,online_medium,cat,reseller
0ace14f7dd3d8e29870664c6fa021440,ce20a2ec1514c25e16f2b5b39bc818f0,2/5/2018 18:10,pet,online_medium,,reseller
f2258c61a8b46c0620005f5949fb11b8,cad10cc982ab6a391570c211b995c17c,3/14/2018 16:52,pet,online_medium,wolf,reseller
3532ba8963b76ecaa46dc6d6f055a31a,7d7d2b7a51328016102d4528c411d630,3/14/2018 12:23,home_decor,offline,cat,reseller
6451343e4f4041fb19ddf7b9dc58538b,651530bf5c607240ccdd89a30c9c9712,6/27/2018 15:12,bags_backpacks,industry,wolf,manufacturer
2fdef625a264874c1a4081ca24dd479d,5670f4db5b62c43d542e1b2d56b0cf7c,3/26/2018 20:42,health_beauty,online_big,eagle,reseller
a78562b316f0578286ddea6e6eaf2c63,929f342384a6607afe143d789ade1316,4/11/2018 13:39,construction_tools_house_garden,online_small,cat,reseller
c0760e4171db0cd649bda18fcd314e33,4c18691b6037662be2df78a765d98ab5,1/22/2018 15:28,household_utilities,online_small,,reseller
9ef248df74556f4768271660f5ef5f7b,aa2640d851ec322526f1295bbeb20092,2/7/2018 11:14,home_decor,online_medium,,reseller
4532f03593699ffdfd5fc1b58540190e,19d62d484cba71963c93f0f00ab42013,3/14/2018 19:43,home_decor,online_top,cat,manufacturer
e9631bea70bc3ae4018bff0eac2c0986,5b0cc932433fa5184b5b94bfe6bcc256,5/17/2018 12:42,home_decor,online_medium,eagle,manufacturer
dcee66ccb49a492ae42c446c0cc01b3a,cd2169d9f31ff6fbb9ca3373b0c9e354,4/23/2018 21:07,audio_video_electronics,online_medium,cat,reseller
4a357e43fba47afd6d96c6f6524ade53,9aa388272ee334b6ae07bc73706e254a,2/19/2018 19:49,bed_bath_table,online_medium,,manufacturer
63d196328512c582293ce6c845521bb6,1fe5540d7c1c37a595fefbacd5570d9e,7/20/2018 18:18,computers,online_medium,eagle,reseller
6fd8a9e989f62bd98e7d20c2f81b1519,bce6a5ecf98e99fd2a8868b15c51f04b,4/13/2018 3:00,watches,online_medium,cat,reseller
33d81348225fe436802063fc73e6f2c5,902c99f1ac505c0d18778b61bcd636f7,7/13/2018 11:53,gifts,online_medium,cat,reseller
ac2adbbec7f0d2fffad8e21d5e8a58e1,2e7ea2aafec5835e781b21d6d1faf1f1,5/21/2018 17:41,health_beauty,online_medium,cat,reseller
8dcedd6884e553e55dfb6298a6f6cd94,b3809b8d4394588a47c8470ea331e135,4/10/2018 19:34,audio_video_electronics,online_medium,cat,reseller
ba0773260354774c193b04f6af910192,674207551483fec113276b67b0d871ff,3/29/2018 17:05,household_utilities,online_medium,wolf,manufacturer
28f36aa85fbadc0663c2df15a5af35db,455befea1bb853c75ccbca94cff26e5c,4/20/2018 16:29,phone_mobile,offline,cat,
80f3f5f7b631b0e974a4a4627672e73a,dace965ca58120f92f8d742a9fa1864b,1/30/2018 12:17,health_beauty,online_beginner,,reseller
20c1fd3638caa5d1dce50b6c0b7fc409,ea4e9ce63a2134743b4a92777437fcdd,3/20/2018 13:53,audio_video_electronics,online_medium,cat,manufacturer
d3acf9ea06733ab725beeec8333da403,48e954b2da4f6a750c844173b347ed40,2/15/2018 12:24,food_drink,online_small,,reseller
820f7970418d010d52a1c1db2d3c1d65,28c7d8743fbc8679f484868cc0fcaefb,3/23/2018 19:52,health_beauty,offline,wolf,reseller
c9535ee549d198a4b146a5a81e0a6450,186cdd1b2df32caa72cfb410bba768d3,3/1/2018 19:48,household_utilities,online_small,wolf,reseller
6fb435d98ce368e0b727cec0f8a2ccfb,fac1a9017ade7bdc94058fc1c969f355,4/27/2018 12:39,computers,online_medium,wolf,reseller
719a6e5ecb3067f0725a36f477404c5c,269c5fc9fcadee614364c3620c30a1f9,6/21/2018 12:39,bags_backpacks,offline,wolf,reseller
e0bcbf50b9afa71ee130b94dfe8bcf2e,516e7738bd8f735ac19a010ee5450d8d,5/8/2018 13:32,health_beauty,online_small,cat,reseller
c14a716bc18a0f87296c2ec10bfe8929,788e857f317e53de488d393e65a80f45,4/5/2018 14:44,bags_backpacks,online_medium,wolf,manufacturer
85ac6feb584b665e85664974c546cfec,74636e24f01da9268b0ed88dacd8513e,2/28/2018 16:19,toys,online_medium,cat,reseller
75743dbfcf177f2885a59b460017feee,2039c5e51785b5dde7cf93ccb3b7be2c,6/14/2018 15:43,audio_video_electronics,online_beginner,wolf,reseller
37ff30ea1566d0236fbe68c74def55bd,9ac4f14370b1e24ddc58be041b7f99df,1/31/2018 16:40,bags_backpacks,online_medium,,manufacturer
9bde09f29256de88f4897345646c850c,a11a0e0ca67423425691db355cff69b0,5/4/2018 3:00,car_accessories,online_medium,cat,manufacturer
1d656ca6611216968c7c89914031e043,89757206b887aed36f3e18d858460fea,2/27/2018 20:53,bags_backpacks,online_medium,wolf,reseller
abcbe3ee8523b90b416337f0abd94a53,6bd503a8230299c9316fb0f726933927,5/21/2018 21:21,health_beauty,online_big,wolf,reseller
746ac26956df2d6be2b2c66c26b62fda,3903c788ded8dc03b5ebab37a2f3e9a1,4/9/2018 12:26,household_utilities,online_big,wolf,reseller
62a081b993506561f522af260073cb18,094ced053e257ae8cae57205592d6712,3/13/2018 12:33,health_beauty,online_medium,cat,reseller
bc419ad99b06b6b3e155039d714e2061,54583ab379489add547fe47b628db589,5/30/2018 16:07,baby,online_medium,cat,reseller
c92c413cead7d8b67a89850ba352e1d1,c092292535a57dacd95a8765f5518f87,3/26/2018 16:07,construction_tools_house_garden,online_medium,cat,reseller
7b6ad2297d3beb569ddf3ee1ce22ffa8,c70c1b0d8ca86052f45a432a38b73958,3/13/2018 21:39,health_beauty,online_medium,shark,reseller
64c6e872abc90f8a480908b92521e25a,a53f60f05f822b5c621a50ff6a5cb362,4/4/2018 18:53,home_decor,online_big,wolf,manufacturer
89599d85cfa823d8886146af161ea5b3,88ef59b51bdaa941d10a853429f2b6ce,4/18/2018 20:05,audio_video_electronics,online_medium,cat,reseller
d6f0ffd9dd59848ed1b74ad799489755,7d81e74a4755b552267cd5e081563028,5/14/2018 12:26,construction_tools_house_garden,industry,cat,manufacturer
9af787c1e7409f0866ade669dba8f697,9b1f656ca3060f8af17a50d8a024b533,5/15/2018 20:34,construction_tools_house_garden,online_medium,eagle,reseller
bd47dc58209bc820d555f935bf055e40,77a515caa36327151d1cc6c32a9f00e1,2/15/2018 14:58,stationery,industry,cat,manufacturer
8257329475414b1eaf3dc731440e01a7,ba90964cff9b9e0e6f32b23b82465f7b,2/9/2018 17:10,small_appliances,,cat,reseller
5f1a8a8fddbc8a5ff4bf0f111dc69ff4,43402bdf22aa2310e8f99e2f94f78628,4/5/2018 18:45,home_office_furniture,industry,cat,manufacturer
3559ec2c1c4f29266d1c1eb0f1164549,28f10b1c5e5abb9d4857745bede6147c,4/10/2018 14:05,audio_video_electronics,online_big,cat,reseller
ddbfc14f2f93b8eeb75d4b11a876b7ba,1961c3e1272bfeceb05d0b78b5bbfdaf,6/7/2018 14:21,games_consoles,online_medium,"eagle, cat",reseller
1dec44d3b8974e86ab337f1755cd893e,7adbd3210a7b3cc2235e225eef33574d,4/10/2018 22:03,household_utilities,online_medium,cat,reseller
1ce04284ef15be769958c668292573b8,33cbbec1e7e1044aaf11d152172c776f,3/6/2018 13:27,household_utilities,online_big,,reseller
ca7ca7ea7912312362a50c3754c1cc2d,97e50a621f8e801f4baf69e08687c192,2/8/2018 20:28,toys,online_small,,reseller
f46657d673d95ccf8d12b1075ab7c653,f0ec78809fe0bc3edb11c9fe5b97b059,3/19/2018 12:41,household_utilities,online_medium,cat,reseller
7a2c5f44c553096c00bd05e62c4f3771,6ebf4eceee4dd9847201c82e77ef8123,3/27/2018 14:48,health_beauty,online_beginner,cat,reseller
796e2f57fd87b9b44251e692e269f0bf,594f9aaa48e5bf431f011ddc5669b0d5,4/6/2018 19:42,bags_backpacks,online_medium,cat,reseller
15aea757696aaf9af950992f299b6789,e504a4e2efaa45cbff7e268a2c58c956,3/28/2018 21:22,home_decor,industry,wolf,manufacturer
8ba72c13888964788024b12e39aef6de,6b90f847357d8981edd79a1eb1bf0acb,5/17/2018 17:22,construction_tools_house_garden,online_medium,cat,reseller
cc7ae92e162840095c5bfa89acbcc478,5a4236931428800e9d9cc04af0987118,6/7/2018 13:30,household_utilities,online_medium,cat,reseller
34aba6f934aa1a8de795d088a6875d28,2c2c9832d1bb38c5b0034a3b47d313ee,4/13/2018 16:21,health_beauty,industry,cat,manufacturer
45f4ec2f92cda096fc01052b9f53dd89,d63f306de130e0391d38a792541723b8,4/25/2018 16:03,car_accessories,online_medium,cat,reseller
26b54d75fad5660ca6471905fe1793cf,596849622429351f47b32e6cae1055ff,4/16/2018 12:26,phone_mobile,online_medium,cat,reseller
8e8336b19eec4f492acff4a97a5a4bf4,9140ef75cc8211c4035935e80e567204,6/5/2018 18:00,pet,industry,eagle,manufacturer
e758533feded97683d573154714a195b,985c92cc412091f8529c12d7f23d3fef,4/18/2018 16:43,health_beauty,offline,eagle,reseller
9ea89671c9ac8a9c53062381b303f4d4,c7bb64409aa480bb7d0335faaaf3d242,4/11/2018 17:08,car_accessories,online_big,cat,reseller
5d23750fc8ccf6284ca2ef9063c7b395,1e26c56af8d48424e1df0140a2401f83,2/26/2018 13:02,construction_tools_house_garden,offline,cat,reseller
3138f2d16a2894a0b029ac115da88f8f,daf565f087a52def0fd5c5825b3661bc,3/28/2018 13:21,home_decor,online_big,cat,reseller
acc0e9c96173c579c90c05de205a2b63,9c7fd21e0aa159b20da593371f08ff7c,2/16/2018 11:56,audio_video_electronics,online_medium,cat,reseller
f487c050e3c1f3c31f85b9f818ccc0c2,508808d438fe2ff972ed13bb8f4a82e2,7/24/2018 19:56,home_decor,online_big,cat,reseller
dedd5db8f760f36dd41fba0d5e94308b,41da412d33e8da4f22baf55cb1bde82c,12/11/2017 18:07,food_supplement,industry,,manufacturer
7ac6d80c42fdb4020030b1cb9ed708f5,cfe94489ddd337d1e29e12f2a7205d10,1/22/2018 2:00,construction_tools_house_garden,online_medium,,reseller
d62e62abe24dcaa94f9e1b3678477b51,c611f4ce9ce875bcc063fa97fd4d7d12,3/19/2018 20:39,construction_tools_house_garden,online_medium,cat,manufacturer
dbf25bb9667ad45905359f401d0ffb60,189ca3538ce9f920cacf0f982cbe223b,4/30/2018 12:04,stationery,online_medium,cat,manufacturer
2dfbe1c802c78a8b1f75ef13b70c1124,382229d1e840115ffe3dbf5ff460e417,3/27/2018 19:15,household_utilities,online_big,shark,reseller
5db98ad3d38184a2f9db88f5bb1c62c1,5bc24d989e71e93c33e50a7782431b0e,3/20/2018 20:23,car_accessories,online_medium,cat,manufacturer
b91cf8812365f50ff4bda4bcd6206b05,5e063e85d44b0f5c3e6ec3131103a57e,3/6/2018 19:38,health_beauty,online_big,cat,reseller
9e5523333afdebe2911f20c3e5b452df,698f5fa55a5f73d0740e9d9a773e8093,3/15/2018 20:31,health_beauty,offline,eagle,reseller
4653dc197e56d94547c86d7a3af40833,e1dc0754bada9ee4cfe9713f22f61292,3/2/2018 21:18,toys,online_medium,eagle,reseller
8ac5c69653a6ec0c8a96f304c13fb1d6,e58a5b390e28abc0b216cfb0e07d27d7,1/19/2018 19:29,bags_backpacks,online_medium,,reseller
423b036257e9b247694318b327fdef68,aae5e7b457a3c72ee230a47d98fceda5,1/17/2018 12:11,bed_bath_table,industry,,manufacturer
ac029f072468dd8c97c15f0a9fa96f00,dfa0c4c6229ab200a4a1336b4d7128ff,4/20/2018 19:42,home_decor,online_medium,eagle,reseller
8d4af10effffa338cc97d3ef4b2507dd,53088c75f948b48a7ece173ac17f0c12,5/9/2018 13:17,health_beauty,offline,eagle,reseller
27ce438e6e1f602971ea0443f5d4428e,05e107217c7266362fd44b75b2cd4cc4,5/16/2018 15:05,stationery,online_medium,wolf,reseller
7bf1f5c2051159d32a588de7a73c8edf,c510bc1718f0f2961eaa42a23330681a,4/10/2018 18:37,baby,online_big,eagle,reseller
2f68c2e0cd8964d59dbbcfa48196b499,4c1c7281388a33dd06daac44f9fadbd1,3/8/2018 18:57,stationery,online_medium,cat,reseller
6ff169c8d96bc9b776c14c0e65af28df,85ecf03781da592876b7844acc1b729f,4/30/2018 18:24,health_beauty,online_medium,cat,reseller
13c5dfa246046c0beea97e100f32a1a9,968268a686aa05d1f529fb07dff08130,1/22/2018 19:14,stationery,online_big,,reseller
eb7cd84a106d9862149ce49358dccf98,e250d617a0ad591ba9bd663e584a895d,1/15/2018 13:08,home_decor,online_beginner,,manufacturer
7f06e90b62b8a276308c2756f5afd601,7c51de0ab286204ce75ff42bf7c10d92,3/14/2018 20:07,food_supplement,online_medium,,reseller
fd582eb497bfc1fdf07f3e7d0e259b70,6a53b90c3ad9e0b56d9fe5c69165fff5,5/9/2018 16:21,fashion_accessories,online_medium,cat,manufacturer
79c57bf41c34485dfe8b0d15d45a5fa2,11742f81550ac064cc9a40f67151d9ad,5/31/2018 21:24,home_appliances,online_medium,wolf,reseller
8e3a0c64471d95b0099a960973289946,e94b64dc6979b302a5a5be1662c83bb6,5/4/2018 3:00,home_decor,online_medium,eagle,reseller
e2d1a6e73522ced82377206f4ac503de,1444c08e64d55fb3c25f0f09c07ffcf2,2/6/2018 13:55,car_accessories,online_beginner,,reseller
40965efa19c345bfd62e38846d71eb85,5f57db27027655e6c6a391601daa0258,2/8/2018 13:10,household_utilities,online_medium,,reseller
5490e7d6b0202e0f649d6fba5bf770ec,eb9267cccc90f1b49c8d2f9887c7dd97,4/20/2018 12:20,sports_leisure,online_medium,cat,reseller
b668bbfcf4f79f076b2210cb21e87734,ce616e1913288884e7742faac9d981db,5/7/2018 16:18,construction_tools_house_garden,online_big,cat,manufacturer
e7d22b2d896aff8c14d0f1f6c7ff151b,88cf19ec1fc2c58f161aee259d57142c,4/27/2018 14:01,household_utilities,online_big,cat,reseller
c18171305e73faabfa61d61c41a420ae,0b1ca3ef18a63d7eb0c8897fa0849c08,1/29/2018 12:10,health_beauty,industry,,manufacturer
713db6add2b5e85a240d2daffd3e9dab,f3c38ab652836d21de61fb8314b69182,3/28/2018 18:50,computers,online_small,cat,reseller
2c30dbced2ca2da386510d7416679269,d598f929fc44e1e38678e7f47250ec04,4/20/2018 18:13,car_accessories,industry,cat,reseller
dcb63974e7efcb5cf46738cb2a22edf1,34f563c82a85b99ae9e6d60db5fc2e28,4/4/2018 19:56,audio_video_electronics,online_medium,eagle,reseller
9729df58c832dc4574b1c382191df44a,a7a9b880c49781da66651ccf4ba9ac38,4/25/2018 21:02,bed_bath_table,offline,cat,reseller
c184064068f67936a71e38a4e6a9e78e,28872dc528e978a639754bc8c2ce5a4c,5/9/2018 14:24,household_utilities,online_medium,cat,manufacturer
a8da3378b39d078f77361620c9481ffb,64c9a1db4e73e19aaafd3286dc448c96,8/7/2018 17:17,household_utilities,online_medium,cat,reseller
3e1d9bee7fa8982cbd0dd0c0aa5ce905,271c58a1d139c45eaf3316107c6d3a3b,4/12/2018 13:58,bags_backpacks,online_beginner,cat,reseller
051cb0d72dcd23f16842e894f5c46051,6548c2550b6e2d8f18053216e1c7b6f3,4/23/2018 20:19,household_utilities,online_medium,cat,manufacturer
2008b6bfa59e4d81791f9ecbfd9f1a75,41b14765bd56c8ad10971074380f9c0c,2/15/2018 11:24,computers,industry,,reseller
0e9c14002f9268601c57837930261014,6eeed17989b0ae47c9f11ece6f38ea90,4/30/2018 16:06,car_accessories,online_medium,eagle,reseller
01c629f6b8f2460aa362f29caaaa0a8e,99cd94252748d2bdde08e17858233602,5/8/2018 21:28,pet,online_medium,shark,reseller
287915711d06ce6d90e2c18e1d89d3a6,6f83d9e4da896daae20b9b6b2d3ff8d2,3/14/2018 14:24,household_utilities,industry,eagle,reseller
66ff0b5dbb060ef47f756d33cf170f97,dc50afafdfa325eadc890c7fa42a8f4e,4/30/2018 18:57,audio_video_electronics,online_big,cat,reseller
3b7585682efa3f3cb07b4e7ae6ec53d4,af3ef48d0e13835e529c29ac573c63e5,5/9/2018 21:35,pet,online_top,cat,manufacturer
680fd12be44eee12aee2a2e023438a5d,535bf14f36346c7f59d87cece104d70c,8/7/2018 12:21,home_decor,online_medium,wolf,manufacturer
a7aef852029ddd8bba20bf60b536415b,5dc203c7b84a0e71e878a179de05fb9a,3/7/2018 12:25,construction_tools_house_garden,industry,eagle,reseller
6548cf02964800e58014e5040bb14e01,88cd3681e0a2ba85e190f7d817629c4c,7/9/2018 18:00,car_accessories,online_big,eagle,reseller
239771729fe22c7c1bdbf136f7304eed,b586cd24c010a13916af621b0325fbba,5/24/2018 19:51,home_decor,online_beginner,cat,reseller
186f0892f13de5443c0b6d042a6ddde0,d566c37fa119d5e66c4e9052e83ee4ea,2/28/2018 17:16,sports_leisure,online_big,cat,reseller
7fc2067b7f0e5d86dd4dfa1340b93910,e116c7455dd26a4d8c3e92532583905f,1/22/2018 2:00,health_beauty,online_big,,reseller
de4dbaab116c6ce122ca050041e1546f,bf00385a5f7fc1ef39a13c2e9ee50a5f,6/21/2018 12:21,audio_video_electronics,online_big,cat,reseller
b466c22d12d52c8a0d3792d2eb44b828,623ad9d0c1e14bb5464a8c72bff7b4af,2/27/2018 17:39,household_utilities,online_big,wolf,manufacturer
caea756b29bd071f00ce526f40645a78,fadb07c842a2aef5d5a676b85f220e71,4/10/2018 17:23,sports_leisure,online_medium,wolf,reseller
0ff0a4ce9abf031dc12194a19ced4ef1,a64e44665225d19dfc0277eeeaaccc57,5/14/2018 18:06,food_supplement,online_medium,cat,manufacturer
a0ab09eb2842e474a3a5aed12e533a2a,6b3bd31ad8fcda4b2635ec9f3ff2ecdf,3/13/2018 18:53,food_supplement,online_small,,reseller
1785cff273aedbd875c814b46928ad7f,213fafb0ca06fb3d5886579c2565791b,5/17/2018 18:11,audio_video_electronics,online_big,cat,reseller
eb454ad6be830064d49727814426bb6e,e0a3c37054ade6478d923a6efc10f308,5/25/2018 17:32,baby,online_beginner,cat,manufacturer
b14ab177881b4c06b81317c5f2034ede,8fb67a334bacec338885b4e9e1708073,4/27/2018 12:18,home_decor,online_medium,cat,manufacturer
921fc9c7fd3ec362c7276f81fa81baf9,4a23adac87cf538689fa600d976f78b2,7/19/2018 21:17,health_beauty,industry,wolf,manufacturer
45b5846f3d142b0748d3dc2ab223ab6b,76ea5315acb3f5f7ade3cd261faf922a,4/24/2018 20:54,car_accessories,online_big,cat,reseller
341d4a2ff35fb1a23abe056798b04d41,f88adb15807168d3c43d71021090ce4a,3/23/2018 21:07,gifts,online_medium,cat,reseller
1217984b38cadfb4b1c15f30a3212680,54c04bdb5ec46762f8f08c7e8f86ed4a,1/26/2018 16:27,food_supplement,online_medium,,reseller
1b9d7ffccca875a9079e3b57c24a3113,8476243f92442881ddd5b578975cf115,1/8/2018 2:00,audio_video_electronics,online_big,,reseller
8b2112b1064c167cfbccbdeb2b5841f2,09bad886111255c5b5030314fc7f1a4a,4/26/2018 19:36,handcrafted,offline,,reseller
ae437864746ae2a9e694a6ed2b5824db,01266d4c46afa519678d16a8b683d325,5/18/2018 20:02,construction_tools_house_garden,online_small,cat,reseller
42d15f0a37b7d0a151bb2ca9cc7e5548,9cf787a239c1aa29dbd76f153dc13f9a,1/24/2018 12:27,fashion_accessories,online_medium,,reseller
862690c612c4c41a2ddceb9bf7a5c848,1a932caad4f9d804097d7f8e615baed1,2/19/2018 19:51,construction_tools_house_garden,industry,eagle,reseller
6c1f11f779599fe6d280c41d644ed43b,0cab2da43793a6f3c5ed8514c5f54627,4/5/2018 16:29,bags_backpacks,offline,cat,reseller
d4db78e389387c2d6f0b5404cbc61fc5,7210cd29727d674c00741e5e387b3ccd,4/17/2018 17:18,car_accessories,online_medium,cat,reseller
d4b60729388ac1c3435ee0fcefba1ebe,05a48cc8859962767935ab9087417fbb,5/30/2018 3:00,fashion_accessories,online_beginner,cat,reseller
3e4a3f9ecab2d513b6782748c9e0a884,9d681c7e12db302cb261e721040dde65,5/4/2018 3:00,sports_leisure,online_small,cat,reseller
b6bbd11daf9d7d31ffa787379614cd4f,4eeb99008a0f59d2c7759c59f9a346eb,4/6/2018 19:30,audio_video_electronics,online_medium,eagle,reseller
ee24544795bf59a8343731c3501c6b4e,c013e57c075a06e5b5c48ee03c525719,2/1/2018 17:10,pet,online_medium,,reseller
7998ee341a2b3ffe1f5b8f11c0e78d11,b9ec22de23f18567de0e09d776ca0309,4/6/2018 19:26,stationery,online_medium,cat,reseller
98826328c3a60215e53b342560084571,f46490624488d3ff7ce78613913a7711,5/16/2018 19:51,health_beauty,online_big,eagle,reseller
245710681d51a6dfb80ab06683f3be01,7c9130f5f3729edd32aa059141d92484,5/7/2018 21:49,computers,,,reseller
cd803c8ab3c2afa5430eeb195bcebe6a,33dd941c27854f7625b968cc6195a552,3/28/2018 22:42,household_utilities,online_medium,cat,reseller
676207ddcc8087437135a4b461fc07cb,c70a353f02429c00775a46a75fb787da,4/20/2018 12:27,health_beauty,online_medium,cat,reseller
98b18a14a0472c9e4a4eb0bb77ae3592,4fe2f67634d00c021aa01f96b6f2d68e,6/7/2018 21:23,food_supplement,online_small,cat,reseller
